State,Account Length,Area Code,International Plan,Voicemail Plan,Number of Voicemail Messages,Total Day Minutes,Total Day Calls,Total Day Charge,Total Eve Minutes,Total Eve Calls,Total Eve Charge,Total Night Minutes,Total Night Calls,Total Night Charge,Total Intl Minutes,Total Intl Calls,Total Intl Charge,Customer service calls,Churn
TX,65,408,No,Yes,4,241.8,104,37.49,209.8,90,14.84,160.8,56,11.35,13.5,3,1.8,,False
KS,103,415,No,Yes,11,122.6,115,44.85,245.3,129,29.08,151.9,58,7.6,7.5,5,3.15,,False
OK,132,415,No,No,27,211.7,122,24.56,188.6,112,13.29,235.5,131,5.66,12.4,6,1.66,,False
OK,185,510,No,No,2,243.6,108,45.82,111.1,116,15.07,184.8,123,11.97,6.4,2,3.69,,True
FL,115,415,Yes,No,6,260.4,123,27.97,219.6,60,27.35,137.8,107,10.9,14.5,1,3.12,,False
PA,116,510,No,No,6,105.3,99,28.75,104.0,91,18.53,177.9,51,8.43,11.2,8,4.88,,False
OK,164,510,No,No,24,243.8,67,40.31,130.0,92,15.36,137.5,86,12.39,7.0,7,1.54,,False
TX,142,510,No,Yes,12,265.1,99,23.63,171.1,90,23.86,136.1,50,5.39,11.5,4,3.12,,False
NJ,128,415,No,Yes,17,249.4,139,25.38,189.8,79,11.02,119.4,108,13.52,11.9,9,2.25,,False
CA,150,408,Yes,No,16,202.5,137,49.1,160.4,124,27.81,203.4,91,6.91,9.9,2,3.45,,False
FL,143,408,Yes,No,5,191.6,107,38.8,195.8,124,26.83,217.2,128,5.33,8.6,3,1.81,,False
NY,164,415,Yes,Yes,0,209.9,124,27.62,178.3,81,11.72,148.5,104,13.92,12.1,7,4.7,,True
IL,62,408,Yes,No,10,240.9,140,46.99,236.1,131,25.97,161.4,141,11.18,6.7,1,2.75,,True
IL,130,408,No,Yes,17,284.6,63,30.49,249.9,149,29.22,219.0,76,6.24,8.6,6,2.73,,False
OH,116,415,No,Yes,12,223.4,81,24.64,209.5,86,19.84,102.4,84,11.28,7.9,5,4.15,,False
NY,175,408,No,Yes,4,277.6,71,49.41,113.1,111,21.36,149.9,119,13.89,6.4,1,4.63,,False
FL,188,415,Yes,Yes,28,240.3,147,23.48,149.5,131,23.6,146.1,57,10.85,11.7,6,2.98,,True
FL,162,510,No,No,10,113.7,51,37.19,178.3,135,15.33,181.5,132,12.51,11.7,9,4.09,,False
IL,170,510,Yes,Yes,29,200.2,146,42.5,139.3,77,22.99,234.2,65,13.96,13.9,7,1.58,,True
OH,115,408,Yes,No,1,157.3,93,47.94,231.1,75,19.5,106.1,79,14.16,8.8,3,2.01,,True
TX,138,415,No,No,9,157.0,105,23.3,129.5,97,18.11,226.4,130,6.43,5.9,3,3.77,,False
PA,84,510,Yes,No,16,171.2,120,35.83,130.7,104,28.06,183.6,111,12.55,8.9,4,4.71,,True
IL,53,415,Yes,No,13,162.9,84,23.98,235.7,122,25.96,188.2,100,13.58,9.5,7,1.47,,True
PA,138,415,No,No,19,215.7,144,43.16,200.4,147,28.69,243.5,53,14.83,6.3,3,1.54,,True
CA,120,415,No,No,9,236.7,96,26.13,192.5,123,26.73,119.2,99,13.64,14.2,3,4.9,,False
OK,198,408,Yes,Yes,12,153.7,140,26.8,206.0,61,10.84,141.5,119,11.83,5.2,8,1.36,,False
KS,184,510,Yes,Yes,12,126.0,67,49.95,132.3,98,22.13,134.5,140,7.75,8.6,9,1.17,,True
OK,78,408,No,Yes,19,111.8,62,45.36,188.0,142,23.95,170.3,84,8.11,8.6,7,3.13,,False
TX,165,415,Yes,No,11,215.2,102,39.52,203.4,66,23.3,187.0,147,12.9,14.8,1,1.9,,False
KS,184,510,Yes,Yes,16,137.2,97,39.22,138.4,116,15.44,209.2,138,9.14,7.3,9,2.19,,False
NJ,116,408,Yes,No,24,101.8,89,37.94,226.0,122,18.51,108.0,103,13.5,10.8,1,3.47,,False
OK,142,510,No,Yes,18,285.6,98,48.56,183.2,83,10.78,163.9,92,9.71,14.2,9,2.4,,False
IL,152,408,Yes,Yes,5,207.4,105,45.76,175.4,98,11.88,238.6,84,11.66,7.8,1,4.98,,True
OH,151,415,Yes,No,14,118.5,75,38.32,229.2,64,21.21,169.4,124,14.56,10.3,5,1.91,,False
OK,173,510,Yes,Yes,4,268.6,114,24.1,128.1,90,21.65,222.6,116,7.12,12.7,8,4.46,,False
OK,159,415,No,No,18,296.6,110,31.06,102.9,115,14.02,116.8,115,7.88,6.9,8,4.5,,False
OK,123,415,Yes,No,4,189.7,80,48.85,215.6,96,18.96,143.5,114,9.5,14.8,8,2.75,,False
FL,150,510,No,No,18,108.5,142,23.65,133.2,145,19.44,210.3,93,12.86,5.7,1,4.99,,False
KS,127,510,Yes,Yes,15,123.5,137,22.97,117.0,72,10.23,193.2,61,13.2,10.0,4,2.13,,False
OH,199,408,No,No,0,176.3,129,20.93,138.0,114,12.85,166.5,121,13.19,11.2,3,1.36,,False
PA,131,408,No,No,17,277.1,88,38.67,123.6,126,22.49,200.3,85,8.28,7.0,5,3.27,,False
PA,85,415,No,Yes,5,129.6,136,29.46,139.8,90,29.86,215.6,67,5.89,11.5,6,1.03,,True
KS,186,408,No,Yes,11,264.8,98,47.08,113.4,114,23.01,234.6,122,6.49,7.3,6,2.9,,True
CA,75,510,Yes,Yes,12,103.0,57,49.13,172.2,142,12.4,166.1,87,6.55,7.0,3,4.35,,True
FL,71,510,No,No,5,191.5,87,27.94,204.1,81,26.43,196.4,82,11.71,9.6,5,2.68,,False
OK,194,510,Yes,Yes,8,228.9,116,45.99,236.0,110,18.63,157.2,115,10.58,14.0,9,1.82,,True
NJ,169,415,No,No,14,112.1,127,30.94,211.8,78,11.67,239.1,54,6.81,13.3,1,2.02,,False
FL,177,408,No,Yes,16,223.0,70,27.61,116.3,107,22.0,172.1,131,9.51,9.7,1,4.66,,False
NJ,179,408,Yes,Yes,16,288.9,96,37.91,180.3,133,14.56,161.6,142,10.08,14.3,2,3.65,,False
KS,183,408,Yes,No,10,132.1,143,47.38,111.9,146,18.34,240.9,109,12.78,9.5,5,1.65,,False
KS,190,408,Yes,No,5,245.9,82,24.05,185.9,93,16.37,100.3,145,10.83,12.1,2,2.85,,True
CA,140,408,No,No,23,221.8,102,27.52,179.3,118,22.86,149.8,131,8.77,9.9,4,3.46,,False
TX,124,408,No,Yes,15,137.0,105,21.11,101.0,131,18.62,225.7,86,14.49,10.4,9,3.02,,True
TX,128,408,Yes,No,3,101.2,69,29.07,213.1,143,12.08,167.7,114,10.03,13.2,9,4.14,,False
NY,112,415,No,Yes,6,101.9,106,41.37,196.2,76,14.31,152.3,133,13.62,12.1,4,1.03,,False
IL,122,408,No,Yes,16,206.4,72,23.08,168.1,139,20.01,188.2,75,9.42,9.2,6,2.12,,True
CA,95,408,Yes,No,18,288.6,136,28.97,237.8,132,25.78,160.7,79,5.15,13.2,9,3.3,,True
OH,183,408,Yes,No,16,228.9,110,36.59,167.9,101,10.19,149.4,57,11.02,12.5,3,3.16,,False
CA,97,415,Yes,No,10,242.9,84,43.73,169.2,134,22.25,139.9,140,13.02,13.1,4,1.42,,False
PA,188,408,Yes,No,15,198.8,111,49.68,124.4,97,12.32,147.0,56,7.84,7.9,9,1.7,,False
IL,107,415,No,Yes,21,216.4,104,32.79,199.7,107,22.08,238.6,81,12.06,12.9,1,4.01,,False
OH,139,415,No,Yes,1,125.3,88,35.65,125.3,91,26.74,244.0,109,9.63,9.2,6,3.14,,False
OH,181,415,Yes,No,23,275.4,135,46.19,146.4,121,14.57,114.8,117,8.54,10.0,9,3.56,,False
FL,175,510,No,No,10,252.2,142,34.06,204.9,148,19.91,210.3,54,5.6,8.0,1,4.27,,False
PA,132,408,No,Yes,12,299.6,98,26.42,145.9,78,25.48,198.7,51,8.56,7.6,1,3.34,,False
PA,182,510,No,Yes,19,159.5,84,46.68,190.4,82,13.51,194.6,126,13.09,5.4,1,2.26,,False
OK,67,408,No,Yes,2,145.4,111,41.88,246.5,62,13.05,104.9,58,12.96,9.5,6,3.09,,False
NY,144,415,No,No,19,125.0,115,31.31,106.5,138,28.1,141.0,113,13.42,5.5,6,1.52,,False
FL,181,415,No,No,18,292.8,104,34.63,159.1,121,23.89,211.9,83,12.99,12.4,8,2.09,,False
NJ,119,408,Yes,Yes,19,256.2,67,26.06,235.0,123,24.73,174.4,83,12.67,11.4,8,3.62,,False
KS,108,408,No,No,7,133.3,102,21.36,188.5,110,26.88,103.6,79,13.34,8.0,9,1.16,,False
OK,196,415,No,Yes,7,210.5,84,29.7,241.3,89,20.79,179.0,79,13.2,5.7,1,1.0,,True
TX,147,408,No,No,29,182.8,93,39.02,242.6,95,19.77,227.2,136,7.21,7.2,8,4.55,,False
PA,185,408,Yes,Yes,1,130.3,63,28.48,224.1,83,21.13,231.8,113,12.07,5.4,3,4.86,,False
CA,96,510,No,No,12,132.4,67,49.56,152.2,144,24.34,234.8,75,14.96,14.1,5,4.62,,False
CA,177,415,No,No,20,292.7,81,23.04,104.0,149,17.82,179.1,143,6.45,9.1,2,1.86,,False
NY,131,510,No,Yes,12,161.0,71,39.35,243.1,110,11.9,170.0,106,12.35,11.0,7,4.02,,False
CA,62,415,No,Yes,22,288.3,148,36.39,130.6,84,12.71,136.7,117,14.22,8.3,8,2.83,,True
CA,168,510,No,Yes,26,115.1,51,20.1,136.4,116,29.48,229.9,141,11.52,10.2,3,1.28,,False
OK,96,408,Yes,Yes,7,192.2,119,45.21,199.9,79,11.03,220.0,90,8.42,10.5,7,4.18,,True
CA,168,408,No,No,12,125.9,97,32.22,205.3,89,24.23,229.5,63,11.72,12.2,4,4.23,,False
CA,82,415,No,Yes,16,101.0,88,35.43,243.9,113,28.87,133.9,140,14.28,9.9,4,3.89,,True
IL,84,415,Yes,No,16,210.8,113,41.76,189.3,72,12.59,114.7,94,14.35,8.0,7,4.99,,False
CA,165,415,Yes,Yes,6,122.8,81,41.7,166.0,149,24.45,204.8,74,13.66,8.3,2,4.97,,False
OK,137,510,No,Yes,4,244.4,142,43.92,118.7,103,16.05,237.0,148,10.57,14.3,6,1.72,,False
FL,174,415,No,Yes,13,239.6,118,23.43,228.6,114,14.74,237.5,98,10.72,12.8,5,4.18,,False
TX,157,408,No,No,20,135.3,87,48.96,106.6,76,27.05,179.3,75,14.59,8.3,4,3.64,,True
TX,102,415,Yes,No,26,288.3,57,46.11,227.8,118,28.19,196.3,110,11.62,11.7,5,3.91,,False
KS,160,408,No,No,12,244.2,117,46.55,150.4,93,16.94,116.8,87,5.2,12.7,2,4.96,,False
OH,114,510,Yes,Yes,27,159.6,104,39.53,236.2,97,22.65,141.3,81,7.77,6.8,1,4.35,,False
TX,126,408,No,Yes,21,241.8,71,28.68,227.6,59,13.52,180.7,65,8.91,12.0,2,2.57,,False
PA,168,408,Yes,No,1,246.4,71,41.12,204.8,120,25.8,232.1,136,9.87,10.8,1,4.75,,False
OK,123,510,Yes,No,26,168.4,107,43.2,103.2,79,27.62,172.6,147,8.04,10.3,1,4.5,,False
KS,196,408,Yes,No,18,175.1,140,26.88,203.7,55,16.37,188.9,61,7.14,9.1,6,3.82,,False
TX,54,510,No,Yes,6,171.8,116,45.66,184.3,51,23.06,108.3,67,12.11,14.9,5,4.75,,False
KS,57,510,No,Yes,24,223.3,142,34.72,137.8,136,27.53,244.7,78,6.69,13.1,6,2.85,,True
OH,181,510,No,No,2,280.1,97,26.98,186.5,76,10.31,173.9,93,5.91,6.0,3,3.85,,False
NJ,98,408,No,Yes,26,134.6,82,48.99,227.4,143,27.11,124.0,70,9.1,8.3,1,1.02,,False
CA,126,510,No,No,14,275.0,83,47.68,131.6,55,21.44,150.8,86,13.11,10.3,7,3.27,,False
NJ,87,415,Yes,No,25,105.5,149,41.5,150.9,66,18.28,177.0,58,12.6,12.9,5,3.89,,False
KS,166,408,No,No,13,232.1,108,36.21,113.2,76,20.45,120.8,97,7.36,12.1,5,2.53,,False
OK,98,408,No,Yes,27,182.9,82,31.01,216.8,94,26.48,129.5,55,7.67,8.3,3,4.47,,False
NJ,159,415,No,Yes,25,258.3,67,46.47,114.9,76,24.44,237.4,80,14.87,13.8,9,2.94,,False
KS,99,415,Yes,No,5,244.2,59,43.2,236.8,128,20.03,230.9,110,5.74,10.4,7,2.13,,False
FL,121,415,No,No,13,196.0,149,43.02,176.6,138,19.75,118.3,101,5.79,13.6,8,3.2,,False
TX,140,415,No,Yes,21,228.8,94,35.21,141.0,58,27.99,141.8,97,5.91,13.9,8,4.62,,False
PA,79,510,No,No,11,200.4,136,21.23,110.5,69,14.65,195.3,101,8.24,11.2,7,3.73,,False
KS,53,408,Yes,No,24,262.3,55,36.75,222.7,143,11.91,139.0,52,12.64,6.5,7,4.8,,False
NJ,124,408,No,No,5,195.2,136,45.44,158.8,109,23.57,100.3,134,13.91,11.1,1,2.79,,False
FL,134,415,No,No,25,204.6,59,35.22,232.7,125,24.04,205.2,138,14.32,5.2,8,3.63,,False
NJ,115,510,Yes,Yes,17,150.1,115,42.26,208.1,96,21.37,129.0,63,7.52,11.4,6,3.51,,False
PA,169,510,No,No,25,221.0,111,34.18,112.6,71,15.25,148.7,112,9.6,7.0,9,1.96,,False
NJ,70,415,Yes,No,12,160.6,55,36.79,215.8,116,15.92,142.6,133,5.94,13.6,9,3.98,,False
OK,92,415,No,Yes,20,215.5,118,21.38,223.4,111,22.34,122.9,83,10.56,5.9,1,1.27,,False
OK,78,415,No,No,6,133.9,57,29.31,115.0,107,15.46,120.4,88,5.07,7.9,9,3.3,,False
NJ,137,415,Yes,Yes,15,131.9,104,46.95,200.5,76,19.99,121.7,142,9.6,5.0,8,1.71,,False
OK,98,510,Yes,No,29,183.4,69,29.26,133.1,103,16.64,245.1,130,14.8,14.1,5,1.75,,True
CA,152,408,No,Yes,9,185.4,101,33.61,150.3,118,20.21,209.0,69,6.4,13.7,1,4.92,,False
OH,59,510,No,No,10,153.6,88,37.09,121.1,72,14.59,241.0,86,7.11,7.3,1,2.54,,True
NJ,52,408,No,Yes,8,126.3,63,42.96,106.6,132,13.96,185.7,65,7.78,6.2,8,3.08,,False
PA,166,408,No,No,26,107.8,61,27.44,228.6,88,24.68,149.7,87,13.67,10.3,6,3.66,,False
OH,158,408,No,No,16,105.0,137,22.18,239.9,115,17.71,124.6,60,13.9,10.2,1,2.99,,False
CA,139,510,Yes,Yes,5,154.3,104,45.79,208.3,54,14.65,172.5,101,14.45,9.7,8,3.9,,False
NY,174,415,No,Yes,6,192.4,103,41.43,124.7,69,27.17,174.0,69,7.48,10.1,3,1.1,,False
IL,167,415,Yes,Yes,16,245.2,125,43.14,100.1,141,18.03,216.6,103,9.53,11.0,3,3.71,,False
NJ,150,510,No,No,28,195.0,90,25.12,154.5,57,12.32,179.3,91,8.82,14.5,1,2.3,,False
OK,140,510,No,No,6,280.8,145,34.17,181.8,143,24.16,129.2,59,10.96,14.1,7,4.52,,False
KS,118,408,No,Yes,16,107.0,53,33.68,162.5,148,15.6,222.1,127,7.96,12.0,7,1.57,,False
KS,155,510,Yes,Yes,6,136.1,111,35.1,200.1,138,21.3,122.2,123,13.29,14.0,8,1.12,,False
NY,60,408,No,No,23,167.7,52,47.55,141.8,107,22.47,179.3,79,14.06,11.5,3,1.24,,False
KS,62,510,No,Yes,1,215.5,121,49.75,143.5,126,29.25,106.4,115,14.0,12.4,2,3.09,,True
NY,154,415,Yes,Yes,15,270.5,52,20.95,100.9,119,13.82,155.4,105,7.63,11.1,6,1.86,,False
OK,172,415,Yes,Yes,1,170.0,75,25.53,196.2,94,15.68,200.8,133,9.84,8.7,5,4.01,,False
OK,83,415,No,Yes,29,153.6,96,45.22,226.9,63,28.64,120.8,146,10.38,9.3,4,1.22,,False
IL,149,510,No,Yes,21,112.4,55,22.63,237.4,88,24.37,178.7,84,14.7,10.7,8,1.94,,False
IL,100,408,No,Yes,14,264.3,66,49.27,188.1,129,18.99,180.8,108,9.38,7.4,6,4.32,,False
IL,138,415,No,Yes,0,175.9,58,41.13,128.7,50,24.7,236.4,80,5.7,5.8,6,1.18,,False
NJ,70,408,Yes,Yes,22,214.3,131,20.34,161.5,101,18.27,170.0,103,11.43,12.0,5,4.15,,False
OK,122,415,Yes,No,4,296.7,142,40.94,153.7,118,18.2,111.8,86,6.74,9.9,5,1.45,,False
NJ,68,408,No,Yes,26,100.3,128,29.26,108.6,95,13.13,121.9,76,8.65,7.4,4,4.37,,False
KS,89,510,Yes,Yes,20,129.1,106,35.04,102.1,72,20.44,141.3,90,10.18,9.4,6,4.14,,False
IL,173,510,Yes,No,20,255.8,56,24.19,146.6,80,15.25,219.8,50,14.63,5.3,6,1.88,,False
IL,78,408,Yes,No,7,261.0,127,38.11,206.4,82,22.67,138.3,67,6.6,9.8,4,2.61,,False
OK,196,510,Yes,No,2,253.8,106,26.4,197.6,145,17.97,191.4,108,13.52,11.4,4,2.83,,False
IL,95,408,Yes,No,17,207.4,142,28.48,214.8,95,27.07,111.8,145,5.19,11.5,4,2.58,,False
NJ,104,510,No,Yes,14,295.8,53,40.88,231.3,53,25.43,130.3,137,5.48,7.1,7,1.84,,False
IL,50,510,No,Yes,29,179.2,109,25.96,242.3,110,12.96,192.9,82,9.79,8.7,3,1.9,,False
CA,188,408,Yes,No,27,220.4,54,28.66,219.7,85,21.82,114.7,67,10.72,9.8,7,3.76,,True
OK,184,415,No,No,4,112.7,50,22.61,106.1,69,24.27,207.3,121,6.89,14.6,8,1.61,,False
KS,149,415,Yes,No,9,182.0,125,38.01,245.3,148,20.29,167.4,57,6.85,8.7,5,2.13,,True
CA,197,415,Yes,Yes,8,244.5,88,27.2,147.2,67,12.28,141.9,103,12.2,9.6,7,1.25,,False
OK,100,408,Yes,No,20,147.7,56,46.45,232.6,53,20.06,231.1,66,8.08,15.0,5,1.87,,False
NY,152,415,Yes,No,20,288.8,70,37.74,120.2,110,18.66,201.0,80,12.1,5.9,9,1.15,,False
PA,70,510,Yes,Yes,23,237.4,120,26.65,198.4,122,16.52,109.6,80,10.17,5.0,1,3.79,,False
IL,168,415,No,Yes,16,157.5,66,20.22,148.2,115,21.65,200.5,84,8.67,7.1,9,2.62,,False
KS,178,510,No,No,7,253.8,114,23.5,219.1,65,16.5,129.8,75,5.46,5.9,9,2.51,,False
IL,159,415,No,Yes,27,116.6,117,26.92,119.3,58,14.71,238.0,132,14.73,13.9,3,2.94,,False
TX,155,415,No,No,11,295.0,119,36.58,176.2,102,24.72,123.1,123,8.8,10.0,7,2.05,,False
PA,190,408,No,No,10,109.9,111,25.79,247.3,72,14.27,192.5,132,12.9,12.9,4,2.44,,False
KS,65,510,No,Yes,13,286.7,89,40.48,208.8,60,26.11,136.4,70,8.37,14.2,7,3.36,,False
PA,168,510,No,No,24,150.6,109,22.66,119.1,94,29.58,241.3,107,13.98,14.6,3,1.9,,False
NY,83,510,Yes,No,15,251.6,130,31.99,198.7,62,18.82,148.7,126,5.72,8.1,5,2.85,,False
TX,190,415,No,No,25,100.0,139,27.1,200.7,53,26.25,188.4,65,7.81,7.5,3,3.3,,True
OK,183,415,No,Yes,9,150.8,144,44.09,223.9,72,13.37,119.4,135,10.26,11.0,6,1.55,,False
OH,88,408,Yes,Yes,27,249.8,77,23.84,144.5,62,25.95,171.9,92,11.13,10.6,1,2.23,,False
IL,51,408,No,Yes,26,206.5,125,23.62,122.0,75,29.25,191.3,88,11.43,14.0,6,3.21,,False
KS,60,408,Yes,No,5,123.0,114,43.45,227.0,103,20.34,215.6,71,8.92,9.4,5,2.61,,False
CA,56,415,No,Yes,2,178.7,83,30.55,154.7,140,15.11,183.6,61,11.28,14.9,9,3.86,,False
PA,175,408,Yes,No,6,175.1,75,43.62,165.9,90,13.22,205.5,119,13.66,12.5,6,1.93,,False
NY,56,510,No,No,9,213.6,102,39.94,244.0,91,28.33,228.9,135,13.38,13.7,2,2.88,,True
TX,152,408,Yes,No,13,233.6,64,22.65,168.8,50,16.49,144.8,136,7.52,11.0,8,4.28,,False
FL,125,415,No,No,5,268.2,98,49.13,112.2,105,19.94,151.0,140,5.42,12.4,1,1.57,,False
IL,164,408,Yes,Yes,6,199.4,84,47.91,199.2,109,18.67,104.4,67,7.4,13.7,7,4.58,,False
IL,135,510,No,No,26,178.4,90,44.06,207.5,102,18.7,183.1,122,13.2,12.9,3,2.79,,False
PA,176,510,No,No,21,128.8,100,45.15,170.1,77,25.31,245.7,67,11.59,10.5,3,2.92,,False
NJ,164,510,Yes,No,3,261.0,112,38.62,205.5,90,28.7,210.4,71,6.25,14.2,7,3.54,,False
IL,101,415,Yes,No,11,242.7,93,47.6,159.4,135,22.74,248.9,101,6.64,7.0,1,3.17,,False
NY,52,510,No,Yes,10,181.7,88,32.47,235.1,71,29.14,168.2,52,7.65,7.4,3,4.29,,True
NY,126,408,No,No,11,203.7,69,46.8,215.6,120,13.81,212.1,108,13.54,11.4,6,1.75,,False
PA,59,408,No,No,29,233.0,92,33.75,141.9,126,21.28,124.2,108,8.98,13.7,2,1.52,,False
OH,165,510,Yes,No,14,133.0,148,43.45,170.8,57,23.71,163.3,98,8.4,6.4,9,2.05,,False
NY,183,415,Yes,No,19,105.4,71,34.27,208.3,53,24.3,196.5,91,7.26,10.8,1,4.99,,True
IL,166,510,Yes,No,26,163.5,70,40.92,180.1,124,25.12,167.5,79,11.74,13.6,7,1.4,,False
IL,93,408,Yes,Yes,11,219.1,140,32.98,178.0,77,16.66,104.5,139,14.68,9.5,7,3.12,,False
OK,129,408,Yes,Yes,16,197.3,85,31.44,226.4,107,27.64,147.5,133,5.79,8.4,6,4.09,,True
NJ,112,510,Yes,Yes,3,238.5,77,39.56,197.9,138,12.63,201.4,146,10.03,13.8,4,4.33,,False
OK,126,415,No,No,20,263.9,53,43.45,241.1,99,15.57,159.3,126,14.03,14.3,4,4.83,,True
NY,97,408,Yes,Yes,17,197.7,139,22.44,140.7,96,19.37,167.3,99,7.68,11.5,7,4.98,,True
OK,126,415,No,No,16,126.9,57,27.92,115.0,123,21.84,228.4,97,8.39,13.8,2,3.21,,False
NY,199,510,Yes,No,10,270.1,54,37.66,127.9,86,15.91,140.4,88,9.93,8.2,5,1.96,,True
TX,170,408,Yes,No,25,215.0,54,28.82,128.5,58,28.16,192.4,94,6.4,10.8,7,3.08,,True
FL,68,408,Yes,Yes,28,248.0,103,37.43,183.1,59,19.04,226.9,131,13.04,12.4,3,3.94,,False
KS,139,408,No,No,9,240.9,59,49.8,176.8,149,12.01,221.1,79,7.52,8.9,7,2.91,,True
IL,63,408,Yes,No,3,293.6,118,46.55,189.1,51,26.38,135.8,118,5.59,10.1,3,2.09,,False
CA,142,408,No,Yes,25,159.1,83,37.33,130.2,88,29.31,107.7,72,11.65,15.0,3,4.29,,False
NY,155,408,No,No,26,241.1,99,22.05,135.9,70,16.93,141.5,128,10.45,7.7,4,4.32,,True
TX,56,510,Yes,No,19,173.1,124,44.69,108.5,95,21.09,126.5,86,14.3,7.1,3,3.2,,False
IL,150,408,Yes,No,15,179.1,73,48.55,103.8,139,21.66,104.2,99,12.83,6.8,2,3.41,,False
NJ,98,408,Yes,No,27,146.1,107,23.83,153.3,94,26.03,145.7,130,5.36,7.3,1,3.05,,False
OK,90,510,No,Yes,4,168.8,146,38.57,211.9,139,13.04,178.1,129,10.3,7.6,8,4.13,,False
PA,183,408,No,Yes,6,289.7,127,24.45,205.0,119,26.83,197.5,81,13.68,9.3,2,4.55,,True
FL,193,408,Yes,No,21,158.5,71,23.34,199.8,114,24.43,156.7,67,5.18,12.6,5,1.01,,True
TX,87,510,Yes,No,7,149.2,142,31.01,103.2,108,10.7,130.6,114,8.73,10.4,8,4.89,,False
OK,109,408,Yes,Yes,17,216.6,73,27.59,242.3,120,21.34,185.4,65,13.33,13.5,2,2.38,,False
CA,163,408,No,Yes,21,151.6,55,42.08,151.1,120,10.56,212.9,116,7.49,5.0,2,2.6,,False
TX,145,510,No,No,23,194.7,111,26.79,165.1,67,19.93,204.2,143,5.12,14.4,2,2.47,,False
OK,146,408,Yes,Yes,12,266.8,52,45.39,220.2,61,21.99,228.5,95,8.41,6.7,8,4.38,,False
OK,82,510,Yes,Yes,6,146.1,50,27.22,113.7,67,22.7,139.6,108,5.35,9.0,5,3.95,,False
FL,112,408,Yes,No,11,185.3,59,39.78,126.5,87,28.54,175.5,84,14.16,13.4,7,1.72,,False
PA,188,408,No,Yes,11,222.1,121,25.24,148.8,144,15.94,173.3,127,13.53,11.5,6,2.63,,True
PA,190,510,No,Yes,22,209.1,79,37.46,226.5,107,26.89,148.2,100,9.22,6.2,9,1.01,,True
PA,143,415,No,Yes,28,294.9,71,35.11,202.9,123,19.04,203.0,144,9.08,14.1,6,4.21,,False
FL,114,510,Yes,Yes,14,236.1,130,37.14,153.8,62,23.34,120.1,117,14.79,13.5,6,1.95,,False
OK,140,415,No,Yes,11,248.0,128,31.55,240.0,67,26.16,220.8,147,9.89,9.2,9,1.33,,False
NJ,197,415,Yes,Yes,6,293.4,133,47.91,217.6,86,24.48,105.5,104,9.37,8.7,9,3.64,,False
OK,183,408,No,No,13,182.9,87,29.32,101.6,82,25.91,158.2,149,9.0,12.3,6,1.88,,True
PA,86,510,Yes,No,13,171.1,140,47.24,167.5,53,22.72,191.1,109,8.18,10.7,2,3.2,,True
FL,133,415,No,No,17,108.8,126,42.41,163.8,126,26.02,163.7,69,8.43,5.2,3,1.64,,False
FL,177,415,No,Yes,8,136.8,129,30.99,135.3,87,28.18,198.4,54,9.44,5.4,1,4.16,,False
TX,55,415,Yes,Yes,29,147.4,133,33.76,142.3,121,28.09,105.8,125,14.24,13.0,9,4.93,,False
OH,142,415,No,No,4,136.7,68,46.18,202.4,111,16.56,230.1,100,13.78,9.1,8,1.43,,False
NJ,133,510,Yes,Yes,18,251.0,116,25.41,136.1,55,29.44,111.6,87,12.63,6.3,9,4.37,,False
NJ,190,408,No,No,16,207.2,66,24.63,211.0,67,11.15,143.2,128,12.84,13.9,7,2.96,,False
IL,185,408,Yes,Yes,2,233.5,125,37.02,170.4,68,22.33,144.0,97,9.24,12.2,6,1.21,,False
OH,130,415,Yes,No,27,264.1,149,49.45,111.9,68,19.9,101.8,126,10.83,8.7,5,3.09,,False
TX,50,408,No,No,8,146.2,59,35.0,161.0,131,14.61,114.1,92,13.97,6.3,7,2.93,,True
IL,124,415,No,No,11,165.2,123,38.46,218.7,83,20.7,227.8,99,8.31,5.5,3,4.57,,False
CA,181,408,No,No,15,241.7,80,38.77,119.4,60,11.32,216.4,78,8.97,11.4,2,2.36,,False
KS,111,408,Yes,No,19,178.6,72,40.7,175.4,99,21.07,210.7,134,7.65,11.3,3,4.03,,True
NJ,117,510,Yes,No,23,105.9,70,40.21,127.9,59,27.09,203.4,146,5.45,12.4,9,1.53,,False
TX,194,415,No,Yes,15,187.0,133,46.26,239.0,76,12.82,111.2,56,5.16,11.5,9,2.55,,True
TX,162,510,Yes,Yes,13,281.7,118,32.99,182.3,54,16.51,144.8,128,7.72,9.5,5,3.16,,True
KS,134,408,No,Yes,28,181.8,129,48.41,124.8,139,22.62,101.0,106,14.41,6.2,7,1.73,,False
IL,166,415,Yes,No,14,166.4,83,43.35,183.9,121,17.19,109.1,106,8.24,8.7,3,1.79,,False
OH,106,415,Yes,Yes,14,297.9,114,28.23,243.8,147,18.3,105.7,95,13.89,11.1,5,1.98,,False
OH,112,415,No,No,18,228.9,65,28.68,224.5,67,16.77,129.8,52,6.18,10.3,5,3.97,,False
KS,98,415,Yes,Yes,14,173.2,127,31.96,151.0,67,19.65,108.4,102,11.75,7.9,6,4.77,,False
OK,195,415,Yes,No,13,120.4,59,49.13,211.5,122,17.46,102.5,123,8.29,7.4,6,1.51,,True
IL,167,415,Yes,No,1,257.6,99,20.7,203.0,108,12.88,136.7,77,13.92,8.0,6,3.19,,False
IL,59,408,No,Yes,4,241.6,60,22.41,212.2,137,13.98,219.8,143,11.98,5.7,8,1.59,,True
CA,129,415,Yes,No,20,284.4,84,33.05,172.5,105,11.58,108.4,84,8.42,11.9,4,1.22,,False
CA,182,408,Yes,No,10,143.5,89,37.9,237.9,84,19.35,247.7,55,9.88,8.5,2,1.16,,True
KS,194,510,No,No,20,123.0,98,48.2,155.9,141,26.91,198.6,106,7.35,8.0,1,2.72,,False
PA,121,408,Yes,Yes,18,244.8,94,43.83,244.4,118,11.81,230.0,74,5.3,10.4,8,2.7,,True
OK,112,510,No,No,4,140.7,51,21.15,118.4,52,23.17,199.1,92,5.65,11.2,1,3.66,,False
FL,73,415,No,Yes,8,135.2,122,22.91,239.9,75,18.4,216.5,95,13.12,5.1,7,2.56,,False
OK,141,408,Yes,No,23,164.0,50,24.63,214.3,120,27.43,145.1,124,12.4,12.0,8,1.92,,False
NJ,160,408,No,No,26,263.4,61,43.9,243.3,60,17.27,138.6,62,11.66,12.0,2,1.39,,True
OH,57,408,No,No,9,207.9,76,29.92,183.0,69,23.89,199.7,54,14.13,9.4,7,3.28,,False
OH,72,510,No,No,14,109.2,144,43.97,240.5,95,17.98,184.5,147,7.52,10.8,9,1.87,,False
NJ,148,415,No,No,13,192.8,92,20.14,125.4,129,20.84,175.8,86,5.18,10.0,3,2.51,,False
OH,130,408,No,No,12,236.8,69,36.82,104.5,134,25.5,126.6,143,14.15,5.1,3,1.07,,False
CA,97,510,Yes,Yes,29,207.7,135,38.88,205.1,103,29.36,134.6,88,14.87,6.2,6,2.0,,False
NJ,164,408,Yes,Yes,14,214.5,51,35.49,229.5,129,12.7,182.5,124,6.67,11.1,6,3.6,,False
TX,61,408,Yes,No,8,145.0,110,44.64,234.5,104,20.58,161.5,92,11.62,7.8,4,1.49,,True
TX,128,408,No,No,13,269.5,132,31.28,109.2,85,12.65,244.4,85,6.01,5.2,9,3.65,,False
TX,80,408,No,No,9,212.3,142,38.24,153.0,97,10.61,182.9,148,5.55,13.9,2,4.44,,False
NJ,140,510,Yes,No,14,242.6,112,23.45,166.6,121,24.96,164.8,108,8.63,14.2,7,4.48,,False
TX,84,415,No,Yes,28,296.4,61,43.0,238.9,110,29.67,242.6,126,6.01,10.8,5,1.63,,False
FL,104,415,No,Yes,12,185.6,99,23.8,143.9,86,21.91,113.7,71,6.11,9.6,3,2.87,,False
FL,131,408,No,Yes,5,276.2,113,42.7,203.3,78,11.45,140.8,120,9.94,6.4,6,4.58,,False
NY,121,510,Yes,No,29,101.5,59,29.51,133.0,94,11.23,152.0,145,10.3,14.3,8,3.92,,False
OH,159,415,No,Yes,13,106.7,74,20.44,191.9,96,16.29,228.0,62,8.94,11.9,7,4.47,,True
NY,109,415,No,Yes,11,218.1,118,33.47,117.0,59,17.62,215.0,92,11.65,8.8,2,2.55,,False
FL,162,408,No,No,12,162.3,76,41.47,213.2,137,10.08,145.7,116,14.87,7.6,9,3.0,,False
NJ,118,408,No,Yes,9,149.7,102,47.04,106.7,85,26.85,230.9,101,13.42,8.7,2,4.58,,False
OK,63,510,No,Yes,17,155.6,104,42.88,249.8,142,19.37,109.4,73,12.64,14.3,9,2.72,,True
OH,151,415,No,Yes,24,163.7,135,36.48,220.2,68,29.91,174.0,74,9.16,7.2,1,3.68,,False
PA,69,408,No,No,27,245.8,128,30.71,191.9,128,27.68,198.2,124,8.3,7.2,1,2.7,,False
TX,157,510,No,Yes,8,213.8,79,36.75,215.3,70,20.02,146.8,125,10.71,9.2,4,3.83,,False
PA,58,510,Yes,No,15,257.8,51,46.55,100.5,86,22.54,110.4,104,8.08,8.8,8,3.45,,True
PA,146,510,No,No,22,266.0,128,45.87,164.3,122,16.29,138.6,103,6.7,9.4,9,2.77,,True
NJ,174,415,No,Yes,0,268.6,50,20.29,189.0,63,16.07,172.6,118,13.68,11.0,6,3.2,,False
KS,150,415,Yes,Yes,12,182.9,65,40.21,246.4,71,12.6,147.7,148,6.21,13.9,7,3.39,,False
PA,179,415,Yes,Yes,16,184.3,83,24.59,154.9,109,20.91,162.4,131,14.84,14.4,5,4.52,,False
OH,183,510,Yes,Yes,18,285.3,82,44.11,245.6,111,11.63,114.0,118,7.59,14.4,7,3.71,,False
PA,80,510,No,Yes,19,232.4,119,45.35,177.3,146,18.94,102.1,76,12.37,5.1,8,3.86,,False
KS,69,408,No,Yes,12,116.1,80,45.91,110.4,82,16.43,231.6,90,5.61,13.6,2,4.88,,False
NY,54,408,No,No,18,208.4,97,28.72,192.5,80,25.81,111.7,57,13.03,10.8,5,1.27,,True
KS,198,415,Yes,No,17,171.2,108,39.49,223.3,123,17.63,143.9,52,10.16,9.0,5,1.75,,False
CA,156,415,Yes,No,11,297.5,123,22.89,233.1,141,28.03,199.6,148,14.68,11.4,2,2.27,,False
IL,124,408,Yes,Yes,15,102.7,57,49.23,179.3,111,13.79,226.7,147,9.92,10.7,4,4.78,,False
CA,173,415,No,Yes,25,222.4,80,32.28,166.7,78,28.61,148.2,93,12.78,7.0,1,1.91,,True
OK,110,408,Yes,Yes,21,244.7,135,36.35,195.7,106,21.87,197.8,134,7.33,5.8,2,3.26,,False
OK,143,408,No,No,22,157.8,80,35.12,109.4,73,12.4,170.8,79,8.48,6.9,6,1.47,,False
IL,90,408,No,No,17,294.7,91,39.08,241.3,142,20.04,107.7,116,12.89,7.3,4,2.08,,False
IL,90,510,Yes,Yes,28,271.9,58,22.34,136.0,106,15.36,161.3,128,13.73,10.9,9,2.1,,False
FL,109,415,No,No,26,283.1,115,22.7,194.1,116,24.98,104.5,124,6.06,7.8,1,3.83,,False
KS,79,510,Yes,No,27,103.8,135,22.33,190.5,70,23.03,244.6,126,11.91,10.3,6,1.44,,False
OK,144,415,No,No,12,214.0,58,25.52,208.3,136,11.25,214.3,140,14.8,9.5,8,4.03,,False
IL,176,510,Yes,Yes,8,158.9,99,32.08,228.0,146,18.35,150.9,96,14.47,10.4,3,2.21,,False
FL,66,415,No,No,27,269.8,114,31.9,137.9,57,27.74,135.2,89,8.64,6.9,5,3.93,,False
FL,149,415,Yes,Yes,28,226.6,141,29.34,131.0,106,18.16,160.0,103,7.99,13.6,9,2.47,,False
OH,115,408,No,No,7,207.8,100,43.05,211.9,71,24.87,147.4,64,6.35,12.4,2,2.71,,False
IL,73,510,Yes,No,11,122.9,98,45.33,128.0,134,12.27,155.6,80,14.87,5.8,3,1.5,,False
CA,178,510,Yes,No,7,208.0,139,22.8,243.4,69,27.34,237.8,117,12.69,13.9,7,1.43,,False
FL,137,415,No,Yes,3,226.4,79,23.86,129.6,139,20.05,160.7,128,11.26,8.5,7,3.17,,False
KS,87,510,No,Yes,20,291.2,121,20.55,179.0,97,28.95,211.2,71,10.21,14.7,6,3.55,,False
CA,161,415,Yes,Yes,9,217.0,76,24.08,198.4,87,20.75,123.5,86,13.06,12.7,3,1.37,,False
PA,139,415,No,Yes,22,293.5,145,30.91,125.6,138,25.38,180.1,119,11.52,10.5,5,1.56,,False
KS,184,408,Yes,Yes,9,292.3,64,38.3,157.9,133,29.44,174.1,90,9.88,13.3,8,1.13,,False
NY,151,415,Yes,Yes,22,230.0,69,34.39,216.9,105,24.59,188.7,66,9.42,14.0,7,1.65,,False
CA,91,510,Yes,No,20,201.2,58,49.17,145.0,92,21.55,202.0,57,8.79,7.2,2,1.89,,False
NJ,195,408,No,Yes,11,193.2,89,20.31,151.6,63,17.33,229.2,134,14.7,10.2,3,3.76,,False
CA,162,415,Yes,No,17,278.1,79,40.33,130.6,94,10.85,134.5,69,14.15,9.9,3,1.26,,False
NY,93,408,Yes,Yes,18,105.7,73,25.34,213.8,141,18.65,157.2,52,8.34,13.0,6,3.75,,False
OK,160,408,No,Yes,16,122.8,127,32.84,135.9,136,18.25,108.6,110,5.65,14.6,3,2.62,,False
OK,168,415,No,Yes,0,120.4,90,41.89,140.6,141,26.46,193.6,82,6.56,10.0,8,1.57,,False
FL,197,510,Yes,Yes,26,251.4,51,21.73,173.6,53,13.79,240.2,149,10.96,10.6,8,4.93,,False
IL,72,415,No,Yes,7,167.9,139,22.48,128.8,107,24.85,159.4,68,12.24,9.2,8,3.02,,False
TX,159,415,No,No,22,227.6,138,42.93,134.4,83,10.75,245.8,101,13.63,10.0,3,2.18,,False
KS,189,415,Yes,Yes,18,220.8,80,32.2,238.9,79,27.73,189.7,97,14.1,10.3,5,1.22,,False
IL,61,415,No,No,26,177.2,91,46.54,220.3,135,23.36,131.7,111,14.35,12.6,1,2.26,,True
TX,185,415,Yes,Yes,11,206.3,130,33.92,140.3,116,18.45,179.4,67,14.78,14.8,4,3.45,,False
CA,169,510,Yes,Yes,25,229.0,112,40.62,204.9,88,15.31,196.0,116,12.79,13.3,7,1.98,,False
FL,76,408,Yes,No,26,288.2,125,41.92,154.6,74,13.69,199.9,104,12.33,14.5,2,3.28,,True
CA,98,510,Yes,No,12,215.1,121,35.07,163.8,131,21.71,195.7,59,8.4,6.5,2,2.11,,False
OH,146,415,Yes,Yes,13,222.9,135,46.22,205.9,127,18.2,128.4,92,14.29,6.7,8,1.18,,False
OK,150,408,Yes,No,8,113.6,138,38.27,220.8,123,24.86,131.2,120,6.37,9.0,8,2.65,,True
OK,132,408,Yes,Yes,8,290.4,87,24.92,139.5,75,28.14,136.2,71,10.45,9.2,4,2.43,,False
PA,137,408,Yes,No,18,205.6,93,33.85,126.1,87,15.91,209.9,99,9.52,14.6,4,1.98,,False
NJ,199,510,No,No,17,260.3,109,21.55,166.0,64,23.0,174.9,95,13.9,12.6,9,3.12,,False
TX,52,510,Yes,No,10,110.1,86,49.82,137.7,79,18.45,200.7,57,11.42,14.5,9,2.56,,False
NJ,58,510,No,No,12,184.2,82,21.72,220.6,57,10.85,219.9,135,8.85,8.4,9,4.8,,False
OK,60,415,Yes,Yes,2,151.4,123,28.27,125.3,108,22.31,184.6,123,5.94,10.9,3,3.48,,False
TX,55,510,No,No,11,153.4,66,40.22,149.0,77,17.27,170.7,139,7.89,13.8,6,2.43,,False
FL,88,510,Yes,No,23,258.3,85,27.68,129.0,78,10.27,160.4,68,10.08,8.3,2,1.86,,False
NJ,150,510,Yes,No,6,224.8,53,44.93,105.0,136,19.45,180.4,110,8.95,6.7,5,3.66,,False
FL,167,408,Yes,No,14,187.9,89,28.54,187.6,118,11.83,122.4,121,14.49,7.6,7,4.68,,False
OH,109,408,No,No,14,102.1,87,37.57,217.0,117,22.56,218.0,128,10.97,7.7,2,3.51,,False
NY,183,415,Yes,No,22,293.0,53,44.37,222.7,74,20.53,236.9,54,12.07,14.0,9,4.32,,False
TX,55,408,No,No,18,292.4,90,44.43,203.3,76,20.01,221.9,142,10.96,12.8,2,3.74,,False
KS,88,415,Yes,Yes,11,143.5,108,46.83,214.4,59,28.74,223.3,133,9.05,10.5,4,4.79,,False
KS,138,408,No,Yes,1,108.3,149,49.13,166.5,109,27.61,224.4,123,5.61,10.5,9,2.63,,True
OK,134,415,No,Yes,14,206.0,51,42.08,117.1,105,24.28,126.3,141,5.31,6.6,4,4.09,,False
OH,164,415,Yes,No,5,290.3,53,37.68,140.8,121,21.55,249.4,70,11.54,8.3,5,3.04,,False
PA,59,408,No,Yes,6,282.1,61,44.11,184.1,134,15.05,198.6,116,11.95,7.1,9,1.2,,False
PA,182,408,Yes,No,25,216.9,53,27.01,239.5,61,10.16,163.1,63,6.8,9.2,5,1.05,,False
NY,74,510,Yes,No,15,160.7,109,31.76,202.0,120,12.39,233.2,111,11.34,10.7,5,2.7,,False
NY,144,510,Yes,Yes,12,166.0,62,47.31,127.7,142,16.41,187.4,146,5.11,6.7,8,3.64,,True
FL,180,415,Yes,No,9,279.6,146,49.69,169.7,52,13.93,249.0,65,9.45,13.2,9,4.45,,False
IL,133,415,Yes,No,3,198.4,89,49.0,225.6,89,21.4,212.8,100,7.79,9.8,2,1.13,,True
IL,181,415,Yes,Yes,9,126.2,100,31.06,114.5,107,20.7,155.1,103,13.83,7.1,6,4.77,,False
FL,127,408,Yes,No,27,149.7,50,25.25,111.9,77,17.8,211.4,119,8.08,11.2,6,4.54,,False
KS,61,408,Yes,Yes,20,155.4,104,28.58,240.6,81,26.01,209.5,126,8.91,5.3,7,4.49,,False
IL,191,510,No,No,27,124.7,104,21.55,231.0,85,24.62,146.9,92,6.6,9.6,3,3.57,,False
NY,131,408,No,No,2,192.6,137,20.23,164.3,62,23.76,232.6,87,6.31,5.6,2,2.87,,False
IL,148,415,Yes,Yes,1,283.2,121,21.07,208.6,114,20.05,121.1,55,8.42,12.0,7,4.22,,False
PA,71,510,No,No,6,233.8,109,40.15,217.7,73,10.87,154.8,102,12.5,10.4,9,1.82,,True
IL,198,408,No,Yes,14,114.5,115,24.35,149.6,55,18.56,195.4,110,5.68,11.1,5,2.17,,False
OK,172,415,No,No,16,101.1,148,34.3,165.4,105,19.98,171.9,109,5.6,5.8,2,1.69,,False
NY,195,408,Yes,Yes,18,155.2,63,32.63,229.1,114,18.96,201.7,80,13.11,7.3,8,4.99,,True
OH,151,408,No,Yes,13,172.5,106,47.51,102.0,85,10.09,249.6,57,10.24,9.2,1,1.77,,False
FL,150,408,No,No,22,255.3,80,48.13,150.7,60,23.05,111.7,134,13.6,13.3,2,3.8,,False
CA,161,415,No,Yes,14,293.4,135,44.79,245.6,79,15.15,213.8,133,11.13,10.2,6,2.85,,False
PA,61,415,Yes,No,3,177.5,131,43.46,168.7,113,10.89,222.6,84,5.78,9.3,6,1.13,,False
NJ,147,408,Yes,No,23,237.3,73,45.13,160.8,131,20.07,142.3,76,6.74,8.4,8,1.33,,False
KS,197,415,No,No,5,299.0,85,47.9,104.9,98,28.41,138.3,89,9.42,7.3,9,4.72,,False
IL,162,408,Yes,Yes,29,249.1,83,36.99,209.3,132,10.59,166.2,125,6.88,5.5,4,3.98,,False
NJ,61,510,Yes,Yes,13,227.2,56,33.43,241.2,109,10.27,159.1,132,13.66,7.4,5,3.18,,False
FL,75,415,No,No,10,115.6,74,45.09,204.7,97,21.75,176.2,67,14.81,7.9,9,1.84,,False
IL,147,408,Yes,No,26,164.6,84,33.01,198.6,111,20.86,131.7,114,11.19,12.9,2,1.03,,False
CA,145,408,Yes,No,18,282.7,107,28.57,239.8,60,10.31,174.1,111,11.49,13.0,9,4.09,,False
CA,95,408,Yes,No,22,140.2,123,34.77,123.1,69,12.06,221.9,104,13.89,8.8,1,2.25,,False
OH,56,510,No,No,6,268.7,74,30.84,115.6,127,26.73,232.4,54,11.78,5.3,3,1.86,,False
FL,139,415,No,Yes,10,239.3,143,37.38,202.8,107,19.05,200.0,130,8.85,9.7,9,1.69,,True
NY,138,408,Yes,No,11,173.3,55,35.03,111.0,117,12.49,143.2,106,7.4,14.0,6,4.24,,False
PA,88,408,No,No,1,205.8,98,36.01,236.3,86,13.12,231.0,139,9.09,12.3,1,3.48,,False
CA,101,408,No,Yes,9,208.6,75,21.25,202.7,53,22.23,163.2,147,14.67,5.8,7,3.57,,False
OH,66,415,Yes,No,26,242.8,118,27.15,216.3,85,16.57,134.8,78,5.8,11.8,8,4.7,,False
TX,53,510,Yes,No,16,203.3,88,29.93,234.7,121,10.51,120.2,148,6.03,10.9,8,4.57,,False
PA,140,510,No,Yes,15,126.6,50,23.07,112.4,124,22.72,244.3,67,11.62,13.5,5,3.72,,False
FL,172,408,Yes,No,17,254.7,109,37.95,150.5,134,10.65,113.2,57,11.04,9.7,2,4.84,,False
OH,52,408,No,No,19,181.3,128,25.07,183.1,142,12.21,179.5,93,12.37,7.4,8,1.92,,False
OK,183,415,No,No,19,292.6,123,24.35,228.1,122,13.18,130.3,114,14.01,13.6,3,1.08,,False
TX,171,408,No,Yes,1,156.7,100,34.62,183.4,58,12.87,230.2,99,10.15,12.6,9,4.69,,False
FL,65,510,Yes,Yes,27,152.6,78,33.11,186.1,131,25.23,129.2,122,8.5,11.6,9,2.06,,True
OK,128,415,Yes,No,19,166.7,65,39.11,186.0,131,11.87,210.5,134,10.2,5.3,6,4.89,,False
NY,153,415,Yes,No,4,214.5,116,49.1,199.9,119,12.97,124.8,51,6.74,9.1,4,1.9,,False
NY,168,408,No,Yes,3,279.0,86,21.21,208.6,145,18.94,240.7,77,14.0,6.4,3,2.11,,False
FL,57,510,No,Yes,9,135.3,57,34.76,202.9,143,12.8,199.5,93,11.82,9.6,4,4.64,,False
PA,152,415,No,No,9,155.9,131,44.45,120.7,109,24.94,162.3,108,13.71,14.0,1,4.25,,False
OH,163,415,No,Yes,13,216.3,81,30.44,248.6,130,19.75,244.4,65,8.02,6.8,8,1.39,,False
PA,189,408,Yes,Yes,21,190.9,93,32.25,227.8,107,27.59,178.6,102,13.94,9.1,9,3.3,,False
NY,172,510,Yes,No,6,189.5,91,23.37,170.9,136,10.76,157.6,59,6.52,8.3,9,1.63,,False
KS,105,510,No,Yes,24,264.1,129,35.84,196.5,149,27.1,124.4,74,8.7,5.3,7,1.29,,False
OK,138,415,No,Yes,10,284.8,78,21.53,140.1,100,13.08,208.2,122,5.72,6.6,4,3.45,,False
IL,118,510,Yes,No,25,196.3,104,29.06,224.5,149,28.51,189.4,139,11.11,9.4,8,1.31,,False
CA,167,408,Yes,No,11,237.5,102,40.02,190.2,130,16.52,133.4,149,7.42,13.0,2,2.89,,True
OH,165,408,No,No,5,260.2,92,42.5,139.4,77,20.22,137.5,96,7.34,7.6,5,3.46,,False
CA,143,415,No,Yes,5,203.7,81,28.04,226.1,146,10.47,133.1,141,14.94,11.2,5,4.76,,True
TX,152,415,No,Yes,8,158.9,136,36.21,114.8,97,24.58,174.4,148,7.4,8.9,3,4.69,,False
KS,189,510,No,No,20,227.6,107,35.71,138.3,116,14.28,107.1,95,10.12,10.7,4,3.43,,False
OK,132,408,No,No,15,217.0,73,41.94,150.6,61,28.33,143.4,115,11.17,9.5,8,3.01,,False
OH,53,510,Yes,Yes,14,280.3,118,31.69,118.6,132,23.24,210.5,104,14.69,12.5,6,3.6,,False
CA,185,510,No,No,21,110.5,114,29.81,169.6,138,15.67,193.2,122,14.44,8.6,7,4.7,,False
CA,79,415,No,No,0,282.0,67,23.59,214.9,74,15.22,222.8,129,9.11,14.6,4,4.96,,False
CA,128,408,No,No,3,206.9,120,33.23,161.1,50,13.41,211.7,74,6.12,10.1,2,1.13,,False
KS,61,408,No,No,1,103.1,118,29.61,204.2,110,26.04,103.2,58,6.94,6.8,1,4.88,,True
KS,61,510,No,No,14,168.9,125,25.88,129.1,122,18.77,185.4,67,5.1,11.7,7,4.21,,False
IL,66,408,Yes,Yes,6,244.9,146,24.89,224.1,137,15.54,165.8,89,5.01,8.9,1,1.3,,False
CA,110,408,No,Yes,24,197.7,130,29.9,125.6,51,29.06,154.2,134,12.77,5.5,4,4.2,,False
NY,173,510,No,No,22,296.0,52,43.75,205.2,143,26.04,248.9,56,8.57,8.2,3,3.65,,False
PA,153,415,Yes,No,3,184.5,124,43.54,142.2,97,21.73,198.5,96,11.48,13.5,4,4.62,,False
OK,179,415,Yes,Yes,4,165.3,89,49.36,222.6,100,26.05,137.7,132,10.63,9.8,3,2.83,,False
OK,196,415,No,Yes,5,264.3,88,32.59,244.7,131,12.4,179.9,76,13.79,9.1,4,3.01,,False
NJ,78,510,Yes,Yes,8,209.6,104,46.61,216.6,133,23.44,114.3,129,10.75,14.1,9,4.35,,False
OH,135,408,Yes,Yes,27,236.5,50,48.01,108.1,139,16.48,211.8,57,6.1,11.3,9,2.94,,False
NJ,123,510,No,No,18,261.1,59,30.87,105.9,119,23.75,152.1,51,13.79,8.5,2,3.11,,False
OH,186,510,No,No,9,234.3,125,34.65,103.2,135,29.23,125.3,78,12.23,10.5,1,1.98,,True
OK,189,415,Yes,No,3,184.5,94,30.19,240.3,84,25.61,124.4,66,8.08,9.2,8,2.32,,False
CA,167,408,No,No,2,125.0,102,23.22,126.8,147,21.31,102.3,79,12.55,8.2,7,2.15,,False
OH,131,415,No,No,9,216.0,131,32.06,228.2,88,24.91,216.7,126,8.93,11.1,6,1.18,,False
OH,65,408,Yes,No,13,279.5,97,48.9,210.0,141,19.37,209.3,147,13.61,14.8,3,3.33,,False
KS,181,408,No,Yes,17,183.8,119,44.67,201.4,99,15.6,172.8,51,9.96,8.8,8,4.37,,False
FL,156,415,Yes,No,17,282.1,98,42.86,107.1,54,10.81,145.9,79,11.06,5.5,1,4.08,,False
IL,78,415,No,No,10,200.7,88,23.03,185.5,133,23.54,158.7,96,5.74,8.6,9,1.99,,False
CA,108,510,Yes,No,8,224.2,86,20.32,246.0,101,12.85,232.6,144,13.34,7.2,8,3.35,,False
OK,128,408,Yes,No,13,266.6,54,24.2,197.0,83,19.19,118.2,131,9.92,8.4,9,2.96,,False
TX,161,408,Yes,Yes,10,212.9,125,31.67,143.4,135,23.34,104.4,55,6.38,10.1,6,4.27,,False
NY,115,408,No,Yes,6,118.2,89,47.63,215.1,54,27.83,132.4,71,5.5,5.7,9,2.41,,False
OK,126,408,Yes,Yes,10,296.2,143,24.0,172.8,101,22.19,178.1,55,8.62,5.9,1,1.15,,False
NJ,61,408,No,Yes,3,149.2,112,37.17,117.5,139,14.35,101.2,138,14.67,10.6,8,4.55,,False
PA,75,510,No,No,27,242.1,95,36.07,231.4,121,19.48,115.6,65,13.39,13.7,9,3.68,,False
IL,153,408,No,No,28,201.0,125,24.83,220.7,106,23.35,204.7,104,11.12,9.7,6,1.73,,False
OH,61,510,No,Yes,15,195.8,92,43.78,104.0,86,13.91,167.2,95,9.83,6.9,9,1.82,,True
CA,140,415,Yes,Yes,18,148.8,82,21.05,106.1,101,24.64,242.3,137,14.62,14.3,5,2.59,,False
KS,179,510,No,Yes,2,244.4,51,22.36,128.3,145,25.28,236.6,97,14.56,11.5,2,2.91,,False
IL,194,510,Yes,Yes,4,122.6,97,45.37,229.5,111,20.45,141.5,135,10.13,11.3,4,2.32,,False
OK,51,510,No,No,10,298.1,84,30.38,129.2,111,27.18,156.7,92,6.53,13.0,1,3.06,,False
PA,66,415,Yes,No,7,269.1,92,49.52,238.3,116,14.49,237.7,72,10.33,10.2,9,4.57,,False
TX,83,408,No,Yes,18,206.9,92,27.09,176.6,107,20.75,186.9,82,8.78,14.0,8,3.52,,False
TX,83,510,No,No,12,184.9,124,47.01,143.1,75,27.88,155.5,123,12.33,8.0,6,2.48,,True
OH,90,415,No,Yes,20,157.3,92,37.21,118.8,62,24.08,220.1,142,9.14,14.4,8,4.44,,False
FL,122,510,No,Yes,20,200.3,96,31.8,187.0,111,26.14,238.7,109,5.22,7.1,7,3.78,,False
IL,156,510,No,Yes,25,275.9,129,43.08,234.5,55,14.44,201.0,97,13.14,6.6,8,3.37,,False
NY,133,415,No,No,11,155.0,140,45.2,193.1,85,21.46,134.6,78,12.9,7.8,3,3.07,,False
CA,118,510,No,Yes,12,200.1,90,29.38,165.1,144,16.48,222.9,60,11.38,7.9,6,1.35,,False
FL,114,510,No,No,17,146.9,130,34.31,193.8,102,23.18,163.1,71,13.19,9.7,4,3.37,,False
OK,81,408,Yes,No,5,167.4,93,40.27,210.2,59,20.45,204.7,125,5.42,6.1,2,2.59,,False
TX,129,415,No,No,19,138.1,142,40.94,135.9,99,22.51,173.0,69,12.56,13.9,7,3.2,,True
OK,133,510,No,No,7,298.1,114,29.01,140.5,131,22.35,241.1,129,9.55,14.6,5,1.5,,False
NY,65,415,No,Yes,4,214.3,113,22.78,233.9,106,24.73,110.3,59,6.35,6.3,2,4.14,,False
CA,101,415,Yes,No,29,246.6,94,31.73,217.1,79,25.98,123.4,74,5.95,11.4,5,3.05,,False
FL,190,408,Yes,No,10,119.6,52,30.34,209.0,125,11.24,129.2,99,11.89,11.3,7,4.32,,False
OK,60,408,Yes,Yes,18,173.2,72,22.69,200.6,111,28.97,133.2,100,11.48,7.9,6,1.83,,False
KS,155,408,Yes,Yes,27,278.5,74,31.8,177.9,84,18.13,135.3,102,5.97,14.0,2,4.75,,False
TX,130,510,No,Yes,0,116.9,94,37.13,154.4,93,13.4,122.9,133,10.43,11.5,1,3.31,,False
PA,120,510,No,No,11,133.1,133,49.89,158.8,83,28.44,203.9,64,14.3,7.5,3,1.3,,False
OK,71,510,No,No,9,225.1,144,42.71,111.9,78,25.68,132.7,81,12.96,10.9,6,2.25,,False
FL,130,510,Yes,Yes,18,224.6,127,29.92,232.9,72,18.41,135.3,120,14.63,8.0,9,4.93,,False
TX,114,510,No,No,29,267.6,57,32.47,103.2,139,22.0,129.6,79,13.01,6.6,8,3.45,,False
TX,179,510,No,No,13,287.1,133,23.54,226.7,141,14.52,159.8,87,11.55,8.5,9,2.68,,True
IL,100,415,Yes,Yes,18,128.4,149,44.14,168.3,67,18.26,243.8,95,14.12,10.4,4,4.66,,False
KS,146,415,No,No,12,151.9,103,36.97,127.6,83,18.02,155.0,142,11.72,11.5,5,2.45,,False
IL,157,408,Yes,Yes,9,185.5,112,34.2,193.4,147,25.08,144.6,130,10.0,13.3,7,3.99,,True
OK,132,510,No,Yes,22,100.2,79,33.64,177.0,139,18.63,110.3,108,5.92,11.7,1,1.59,,False
NY,65,415,No,Yes,8,114.0,134,26.98,196.1,134,25.1,152.9,55,9.15,8.0,7,3.79,,False
PA,193,408,Yes,No,25,145.3,58,28.22,154.9,57,25.8,134.8,132,6.87,8.3,1,2.97,,True
OK,78,408,Yes,No,1,196.2,124,29.71,219.8,114,17.71,214.4,99,13.73,10.6,8,2.7,,False
NJ,121,408,No,No,17,150.3,91,20.05,164.2,62,18.8,116.7,131,9.28,13.4,5,1.93,,False
FL,77,408,Yes,No,17,275.3,84,36.24,158.3,121,20.41,121.6,83,9.8,10.2,7,4.95,,True
KS,107,415,No,Yes,15,164.9,96,49.7,194.0,94,10.07,141.8,140,12.64,12.6,6,1.49,,False
OK,108,415,No,Yes,16,284.9,111,29.85,225.4,137,13.9,143.2,137,13.56,10.7,9,1.81,,True
KS,63,415,Yes,No,17,295.0,125,34.33,113.2,88,26.94,226.9,100,8.88,11.4,5,2.51,,False
OK,196,408,No,Yes,7,190.0,122,46.39,165.6,52,25.22,218.7,66,8.92,13.6,2,1.52,,False
NY,128,408,Yes,Yes,16,145.4,105,36.04,170.9,109,11.54,186.8,135,6.4,9.4,6,4.74,,True
OH,70,510,No,No,22,158.3,135,37.86,179.8,123,22.7,143.3,95,9.58,12.0,2,4.64,,False
PA,121,510,Yes,No,27,255.3,118,30.74,148.9,80,10.41,147.8,94,7.71,13.3,8,2.75,,False
NJ,94,408,Yes,Yes,5,154.7,97,34.26,127.5,112,20.68,188.8,71,6.66,11.5,2,2.97,,False
PA,141,415,No,No,9,176.1,57,35.56,134.3,100,13.23,211.0,97,10.0,5.6,2,1.25,,False
CA,94,408,Yes,Yes,14,195.7,106,42.87,137.0,76,27.07,157.6,76,8.96,9.9,8,4.36,,False
PA,65,510,Yes,No,12,215.0,135,46.19,162.1,62,22.3,176.4,96,11.96,11.0,9,4.12,,False
OH,137,510,Yes,Yes,24,299.2,136,39.91,183.1,68,11.28,233.2,140,11.34,7.9,5,2.57,,False
OK,127,415,No,Yes,29,146.4,120,33.5,149.8,79,22.83,197.5,54,7.87,11.1,1,2.91,,False
NJ,145,408,No,No,21,170.7,69,45.34,223.8,108,27.84,180.3,88,13.9,14.0,9,3.64,,False
CA,160,510,Yes,Yes,22,152.6,93,26.69,171.4,88,24.67,110.7,127,10.91,11.0,9,2.86,,True
PA,182,415,Yes,Yes,24,172.2,120,30.54,145.9,120,12.3,126.4,123,7.78,5.2,1,2.09,,False
FL,78,510,Yes,No,14,120.2,146,28.65,151.8,116,23.3,130.1,120,5.99,10.2,3,2.19,,False
CA,99,415,Yes,No,13,172.0,136,32.81,248.4,99,22.21,193.5,85,12.73,7.9,8,3.07,,False
PA,137,510,Yes,No,1,277.6,71,42.33,199.2,127,22.63,116.2,62,9.47,10.4,3,4.98,,False
CA,107,510,No,No,4,159.7,61,25.03,161.5,101,25.9,104.3,55,14.29,12.3,5,2.96,,False
OH,91,408,No,Yes,5,174.4,93,46.55,234.5,130,16.09,154.1,145,14.91,6.2,7,1.22,,False
NJ,67,415,Yes,Yes,29,288.9,117,36.78,214.7,81,17.11,207.8,106,12.56,5.3,3,4.75,,False
FL,70,415,No,Yes,12,245.7,146,32.67,229.7,58,14.04,204.0,78,5.31,15.0,5,2.22,,True
NJ,114,510,Yes,Yes,9,203.3,79,23.94,124.2,81,19.14,218.9,132,12.44,6.8,2,1.16,,False
OK,184,408,Yes,Yes,12,255.4,71,38.41,220.4,75,18.2,204.4,112,12.32,13.7,9,1.29,,False
PA,129,510,Yes,No,0,124.6,131,29.53,172.0,68,11.68,192.0,139,9.74,7.7,2,1.68,,False
FL,124,510,No,Yes,5,192.9,119,41.92,110.2,133,14.85,172.9,142,10.54,10.7,6,3.54,,False
NY,199,510,No,Yes,22,123.6,141,49.29,113.8,142,12.4,131.3,149,12.51,8.4,8,2.47,,False
NY,84,415,No,No,9,146.7,51,25.59,186.0,115,21.09,185.3,65,7.74,6.9,7,4.67,,False
NJ,167,408,Yes,Yes,1,128.4,83,21.11,158.3,107,13.75,195.5,145,8.77,9.7,5,4.17,,False
OK,177,510,Yes,No,17,172.4,90,26.08,110.6,140,16.51,118.6,97,14.65,12.9,2,2.28,,False
NY,94,510,Yes,No,19,176.3,93,36.94,165.5,80,26.34,184.8,85,5.1,12.7,8,4.94,,False
KS,149,510,No,No,1,289.5,101,23.93,218.8,71,21.44,114.7,142,10.77,12.2,3,3.67,,False
IL,91,415,No,Yes,10,152.8,144,31.13,132.3,125,20.39,182.1,145,10.27,13.9,2,1.07,,False
KS,153,510,No,No,6,194.5,132,25.84,208.4,85,28.89,123.8,61,14.53,7.4,7,2.85,,False
FL,98,415,No,No,26,262.3,104,41.85,163.9,148,18.75,117.9,75,13.19,8.8,8,4.64,,False
NY,177,415,Yes,No,16,263.1,129,20.1,149.3,104,27.67,117.0,68,11.65,6.9,7,2.18,,False
TX,188,415,No,Yes,7,250.1,101,21.2,162.7,114,21.56,236.7,146,9.72,8.3,8,4.71,,False
